,Link,Score
Why Supreme Courts Alice ruling doesnt solve patent troll problem   thehill,https://thehill.com/blogs/congress-blog/technology/223656-why-supreme-courts-alice-ruling-doesnt-solve-patent-troll,0
Supreme Courts Alice decision protected my small businesses from patent trolls   thehill,https://thehill.com/blogs/congress-blog/judicial/286691-supreme-courts-alice-decision-protected-my-small-businesses-from,0
Two-step analysis to assist in determining patent eligibility   jdsupra,https://www.jdsupra.com/legalnews/two-step-analysis-to-assist-in-59840/,0
USPTO Issues New Alice Guidance   jdsupra,https://www.jdsupra.com/legalnews/uspto-issues-new-alice-guidance-36107/,1
Federal Circuit Holds Vandas Method of Treatment Claims Pass Mayo/Alices Step One   jdsupra,https://www.jdsupra.com/legalnews/federal-circuit-holds-vanda-s-method-of-54025/,1
Supreme Court Issues Decision in Alice Corp. v. CLS Bank   patentdocs,https://news.google.com/articles/CBMiXWh0dHA6Ly93d3cucGF0ZW50ZG9jcy5vcmcvMjAxNC8wNi9zdXByZW1lLWNvdXJ0LWlzc3Vlcy1kZWNpc2lvbi1pbi1hbGljZS1jb3JwLXYtY2xzLWJhbmsuaHRtbNIBAA?hl=en-US&gl=US&ceid=US%3Aen,0
Alice Corp. v. CLS Bank Int'l: Alice's Supreme Court Brief   patentdocs,http://www.patentdocs.org/2014/03/alice-corp-v-cls-bank-intl-alices-supreme-court-brief.html,3
NPE litigation in Europe sees continued growth   ippropatents,http://www.ippropatents.com/ippropatentsnews/europenewsarticle.php?article_id=5707,0
Get instant access to the one-stop news source for business lawyers   law360,https://www.law360.com/articles/903691/high-court-won-t-review-axing-of-datatreasury-patents,0
New Guidelines Suggest a Return to Strong Patent Rights   inventorsdigest,https://www.inventorsdigest.com/articles/new-guidelines-suggest-return-strong-patent-rights/,0
Above the Law   abovethelaw,https://abovethelaw.com/2016/02/who-is-alice-and-why-is-she-driving-patent-attorneys-mad-as-hatters/,4
U.S. top court wary of major change to software patent law   reuters,https://www.reuters.com/article/us-usa-court-ip/u-s-top-court-wary-of-major-change-to-software-patent-law-idUSBREA2U05X20140331,2
Alices Inventive Concept   jurist,https://www.jurist.org/commentary/2014/07/christian-ehret-alice-corp-patent/,3
Software Patents Are Increasingly Coming Under Fire In Court   techcrunch,https://techcrunch.com/2015/02/23/software-patents-are-increasingly-coming-under-fire-in-court/,4
Saved by Alice   eff,https://www.eff.org/alice,1
Happy Birthday Alice: Two Years Busting Bad Software Patents   eff,https://www.eff.org/deeplinks/2016/06/happy-birthday-alice-two-years-busting-bad-software-patents,0
Stupid Patent of the Month: Upaid Sues Offending Laundromats For Using Prepaid Cards   eff,https://www.eff.org/deeplinks/2018/07/stupid-patent-month-upaid-sues-offending-laundromats-using-prepaid-cards,1
The Next Supreme Court Justice: Here's What the Senate Should Ask About New Technologies and the Internet   eff,https://www.eff.org/deeplinks/2018/07/next-supreme-court-justice-heres-what-senate-should-ask-about-new-technologies-and,0
Hope for Computer-Related Patents - Alice Corp. v. CLS Bank   natlawreview,https://www.natlawreview.com/article/hope-computer-related-patents-alice-corp-v-cls-bank,0
The Patent Eligibility Battle for Life Sciences Companies in a Changing Landscape   natlawreview,https://www.natlawreview.com/article/patent-eligibility-battle-life-sciences-companies-changing-landscape,0
Error   natlawreview,https://www.natlawreview.com/article/uspto-updates-examination-guidelines-patent-eligible-subject-matter,0
Patent Trolls Recede as Threat to Innovation. Will Justices Change That?   nytimes,https://www.nytimes.com/2017/11/21/business/economy/patents-trolls-supreme-court.html,0
Software Patent Eligibility: Alice Corp v. CLS Bank on the Briefs   patentlyo,https://patentlyo.com/patent/2014/03/software-patent-eligibility.html,11
The Need for Legislative Reform: The Berkeley Section 101 Workshop   patentlyo,https://patentlyo.com/patent/2017/10/legislative-berkeley-workshop.html,1
Sole Exceptions to Subject Matter Eligibility   patentlyo,https://patentlyo.com/patent/2018/06/exceptions-subject-eligibility.html,0
Denied Certiorari on Section 101.   patentlyo,https://patentlyo.com/patent/2017/10/denied-certiorari-section.html,1
Alice and TRIPS Compliance   patentlyo,https://patentlyo.com/patent/2017/11/alice-trips-compliance.html,0
Phonetic Symbol System Not Patent Eligible   patentlyo,https://patentlyo.com/patent/2018/07/phonetic-symbol-eligible.html,0
Searchmetrics wins important victory in patent infringement lawsuit   searchengineland,http://www.mondaq.com/badcrawler.htm,0
The Berkheimer Memorandum - Good news for software patents in the US   lexology,https://news.google.com/articles/CBMiU2h0dHBzOi8vd3d3LmxleG9sb2d5LmNvbS9saWJyYXJ5L2RldGFpbC5hc3B4P2c9ZTc5MmMxMDItMzMyMi00YWUzLWE5MzEtMzUzYzkxYTlhN2M00gEA?hl=en-US&gl=US&ceid=US%3Aen,4
Federal Circuit Decisions Raise Bar for Invalidating Patents on Section 101 Grounds Before Trial   lexology,https://news.google.com/articles/CBMiU2h0dHBzOi8vd3d3LmxleG9sb2d5LmNvbS9saWJyYXJ5L2RldGFpbC5hc3B4P2c9MDBlZTQzZjMtZWE1OS00OGRlLTk0ZjAtYjQzZmI3OGUxMjQ30gEA?hl=en-US&gl=US&ceid=US%3Aen,3
Online Advertising Method Survives Alice at the PTAB   lexology,https://news.google.com/articles/CBMiU2h0dHBzOi8vd3d3LmxleG9sb2d5LmNvbS9saWJyYXJ5L2RldGFpbC5hc3B4P2c9Zjk1MDkxZTctMTU4Ny00ZjU1LWIzYzMtMDFiZTkwYWQ1YzI10gEA?hl=en-US&gl=US&ceid=US%3Aen,1
Analysis of Alice Corporation Pty. Ltd. v. CLS Bank International   lexology,https://www.lexology.com/library/detail.aspx?g=bbcfacd7-0d59-4b0e-9156-eaa23ddac3ba,1
Know before you go: impact of the Alice case on software- and computer- implemented inventions in the district courts   lexology,https://www.lexology.com/library/detail.aspx?g=72041694-bd0e-4fac-929f-cd018b05f310,3
Patent 213   lexology,https://www.lexology.com/library/detail.aspx?g=6fe78f80-975d-4ba0-ab75-4362662ad252,5
The MPEP Now Incorporates - and Expands Upon -  101 Guidance   lexology,https://www.lexology.com/library/detail.aspx?g=e6b80034-ac1b-4ab7-826a-00e3f2338a1d,2
The Supreme Courts Decision in Alice Corp. v. CLS Bank Has Taken a Heavy Toll on Patents for Computer-Related Inventions   lexology,https://www.lexology.com/library/detail.aspx?g=300e6862-012d-49dd-bed4-ba8ae4477397,1
An update on software patentability in the US   lexology,https://www.lexology.com/library/detail.aspx?g=ee226c07-92e2-4115-846c-b6cdb4bc9022,0
Post-Alice rulings on subject matter eligibility of software patents so far   lexology,https://www.lexology.com/library/detail.aspx?g=72ccf204-e6e5-4466-9c3b-9a6ae29a660f,1
Recent Court Decisions Clarifying Alice Have Improved Patent Applicants Chances of Obtaining Software Patents   lexology,https://www.lexology.com/library/detail.aspx?g=696a4bf9-eeb9-48a0-8a37-5cf17c9560b4,0
New England IP Blog   lexology,https://www.lexology.com/library/detail.aspx?g=7da486cd-535e-46cc-89d1-47de86f61259,0
Protecting Artificial Intelligence and Big Data Innovations Through Patents: Functional Claiming   lexology,https://www.lexology.com/library/detail.aspx?g=06ce2aae-8c62-4a6d-9dce-d0d6f0c5d95c,0
Not All GUIs Are Created Equal Under USPTO Guidelines and Alice   lexology,https://www.lexology.com/library/detail.aspx?g=dac2fc38-3bde-4250-816a-371bfa4d14be,1
Turning the Tide: Patent Subject Matter Eligibility at the Federal Circuit   lexology,https://www.lexology.com/library/detail.aspx?g=a704d311-e86d-420e-82b9-fe2e34c2a8e0,4
The Evolution of Patentable Subject Matter Eligibility   lexology,https://www.lexology.com/library/detail.aspx?g=2e6f3112-c24c-4d95-b49a-0e7662f4958e,0
"U.S. Federal Circuit Deems Software Innovation is Patent-Eligible, But Not InfringedBlogPCK Reporter   lexology",https://www.lexology.com/library/detail.aspx?g=f1fbad66-0aa8-4972-9637-f065769643a3,2
Symposium:  Business methods as abstract ideas  explaining the opacity of Alice and Bilski   scotusblog,http://www.scotusblog.com/2014/06/symposium-business-methods-as-abstract-ideas-explaining-the-opacity-of-alice-and-bilski/,1
Federal Circuit identifies circumstances militating against early or summary Section 101 determinations   internationallawoffice,https://www.internationallawoffice.com/Newsletters/Intellectual-Property/USA/Fitzpatrick-Cella-Harper-Scinto/Federal-Circuit-identifies-circumstances-militating-against-early-or-summary-Section-101-determinations,2
"Federal Circuit rules on patent-eligible ""improvement to computer functionality""   internationallawoffice",https://www.internationallawoffice.com/Newsletters/Intellectual-Property/USA/Fitzpatrick-Cella-Harper-Scinto/Federal-Circuit-rules-on-patent-eligible-improvement-to-computer-functionality,1
Supreme Court limits the scope of software patents   fortune,http://fortune.com/2014/06/19/supreme-court-limits-the-scope-of-software-patents/,0
Using Courts In The Fight Against Patent Trolls   forbes,https://www.forbes.com/sites/groupthink/2017/05/04/using-courts-in-the-fight-against-patent-trolls/,4
Smartflash Petitions Supreme Court to Challenge PTAB under Appointments Clause   ipwatchdog,https://news.google.com/articles/CBMif2h0dHA6Ly93d3cuaXB3YXRjaGRvZy5jb20vMjAxOC8wOS8xNi9zbWFydGZsYXNoLWZpbGVzLXBldGl0aW9uLXdyaXQtc3VwcmVtZS1jb3VydC1jaGFsbGVuZ2UtcHRhYi1hcHBvaW50bWVudHMtY2xhdXNlL2lkPTEwMTM2Ni_SAQA?hl=en-US&gl=US&ceid=US%3Aen,2
Capitol Hill Roundup   ipwatchdog,https://news.google.com/articles/CBMiRGh0dHA6Ly93d3cuaXB3YXRjaGRvZy5jb20vMjAxOC8wOS8xNy9jYXBpdG9sLWhpbGwtcm91bmR1cC9pZD0xMDE0MzEv0gEA?hl=en-US&gl=US&ceid=US%3Aen,0
Ignorance Is Not Bliss: Alice Corp. v. CLS Bank International*   ipwatchdog,https://news.google.com/articles/CBMiamh0dHBzOi8vd3d3Lmlwd2F0Y2hkb2cuY29tLzIwMTQvMDcvMjUvaWdub3JhbmNlLWlzLW5vdC1ibGlzcy1hbGljZS1jb3JwLXYtY2xzLWJhbmstaW50ZXJuYXRpb25hbC9pZD01MDUxNy_SAQA?hl=en-US&gl=US&ceid=US%3Aen,0
Federal Circuit rules Alice did not alter the law governing 101   ipwatchdog,https://www.ipwatchdog.com/2018/05/02/federal-circuit-rules-alice-did-not-alter-law-governing-101/id=96581/,2
A Software Patent Setback: Alice v. CLS Bank   ipwatchdog,https://www.ipwatchdog.com/2015/01/09/a-software-patent-setback-alice-v-cls-bank/id=53460/,0
6 Years Later: The Effects of the Mayo Decision on Diagnostic Methods   ipwatchdog,https://www.ipwatchdog.com/2018/07/19/6-years-later-effects-mayo-decision-diagnostic-methods/id=99206/,0
U.S. Patent System Falls to 12th Place in Chamber Global IP Index for 2018   ipwatchdog,https://www.ipwatchdog.com/2018/02/08/u-s-patent-system-falls-12th-place-chamber-global-ip-index-2018/id=93494/,1
"Patent-Ineligibility of Medical Diagnostics, Life Sciences Discoveries Arrests U.S. Progress   ipwatchdog",https://www.ipwatchdog.com/2018/01/07/patent-ineligibility-medical-diagnostics-life-sciences-discoveries/id=90805/,3
USAA Asserts Mobile Check Deposit Patents Against Wells Fargo   ipwatchdog,http://www.ipwatchdog.com/2018/06/22/usaa-mobile-check-deposit-patents-wells-fargo/id=98511/,0
"Surviving Alice: Sufficient Inventive Concept Must be in Claim, Not Specification   ipwatchdog",http://www.ipwatchdog.com/2017/11/10/surviving-alice-sufficient-inventive-concept-claim/id=90109/,3
SafeBreach Announces Issuance of Breach and Attack Simulation Patents After $15 Million Round of Investor Funding   ipwatchdog,https://www.ipwatchdog.com/2018/06/18/safebreach-issuance-breach-attack-simulation-patents/id=98340/,2
Why Alice v. CLS Bank is a Victory for Software Patents   ipwatchdog,http://www.ipwatchdog.com/2015/02/06/alice-v-cls-bank-is-a-victory-for-software-patents/id=54489/,1
"BlackBerry Sues Facebook, Instagram and WhatsApp for Willful Infringement of Mobile Communications Patents   ipwatchdog",http://www.ipwatchdog.com/2018/03/24/blackberry-sues-facebook-instagram-whatsapp-patent-infringement/id=94984/,1
Federal Circuit Upholds Thales Motion Tracking Patent Asserted against U.S. Government for Second Time   ipwatchdog,http://www.ipwatchdog.com/2018/02/13/federal-circuit-upholds-motion-tracking-patent/id=93538/,2
"China Outpaces U.S. in AI Startup Funding, Aims for AI Dominance   ipwatchdog",http://www.ipwatchdog.com/2018/03/08/china-outpaces-u-s-ai-startup-funding/id=94381/,4
Federal Circuit says Claims for Summarizing Information are Not Abstract   ipwatchdog,https://www.ipwatchdog.com/2018/02/02/claims-summarizing-information-not-abstract/id=93240/,0
Apple Files Patent for Recognizing Whispered Voice Commands   ipwatchdog,https://www.ipwatchdog.com/2018/01/20/apple-files-patent-whispered-voice-commands/id=92461/,2
Through the Looking Glass: Recent Federal Circuit Decisions Do Not Change the Need for Action on Alice   ipwatchdog,http://www.ipwatchdog.com/2017/05/11/recent-federal-circuit-decisions-do-not-change-need-action-alice/id=83117/,8
The Broken Patent-Eligibility Test of Alice and Mayo: Why We Urgently Need to Return to Principles of Diehr and Chakrabarty*   ipwatchdog,https://www.ipwatchdog.com/2014/09/25/broken-patent-eligibility-test-of-alice-and-mayo/id=51370/,39
"Federal Circuit Curtails Alice: Economic arrangements using generic computer technology significant, if not determinative   ipwatchdog",https://www.ipwatchdog.com/2017/12/20/federal-circuit-curtails-alice-economic-arrangements-significant-determinative/id=91411/,0
Portal Communications Alleges Apples Siri Willfully Infringes on Natural Language Processing Patents   ipwatchdog,http://www.ipwatchdog.com/2018/03/17/portal-communications-alleges-apples-siri-willfully-infringes-natural-language-processing-patents/id=94673/,0
Made in China 2025 Initiative at Center of Growing IP Tensions Between United States and China   ipwatchdog,http://www.ipwatchdog.com/2018/04/23/made-in-china-2025-initiative-ip-tensions/id=95762/,3
Blackbird Technologies to Appeal Ineligibility Ruling in Cloudflare Patent Infringement Litigation   ipwatchdog,http://www.ipwatchdog.com/2018/02/24/blackbird-technologies-appeal-ineligibility-cloudflare/id=93902/,1
Categorical Rules and Why the Investpic Holding Should Worry Everyone   ipwatchdog,https://www.ipwatchdog.com/2018/08/07/categorical-rules-why-investpic-holding-should-worry-everyone/id=99474/,3
Claim reciting results achieved by general computer technology directed to unpatentable abstract idea   ipwatchdog,https://www.ipwatchdog.com/2018/08/02/claim-reciting-results-achieved-unpatentable-abstract-idea/id=99776/,2
Software Patent Eligibility at the Federal Circuit 2017   ipwatchdog,http://www.ipwatchdog.com/2017/12/17/software-patent-eligibility-federal-circuit-2017/id=91169/,0
"China relaxing barriers to software, business method patents with revised patent guidelines   ipwatchdog",http://www.ipwatchdog.com/2017/03/03/china-relaxing-barriers-software-business-method-patents/id=79017/,0
Congress Needs to Act So Alice Doesnt Live Here (in the Patent System) Anymore   ipwatchdog,http://www.ipwatchdog.com/2017/02/13/congress-needs-to-act-so-alice-doesnt-live-here-in-the-patent-system-anymore/id=78241/,8
Software appears to be a field where corporations do not always have the upper hand.   newsclick,https://www.newsclick.in/computer-scientist-taking-google-it-attempts-patent-video-compression-technique,3
Blockchain IP risks and how to manage them   orldipreview,https://www.worldipreview.com/article/blockchain-ip-risks-and-how-to-manage-them,0
India: Case Analysis: Alice Corp. v. Cls Bank (134 S. Ct. 2347 (2014)) mondaq,http://www.mondaq.com/india/x/731008/Patent/Case+Analysis+Alice+Corp+V+Cls+Bank+134+S+Ct+2347+2014,2
United States: Federal Circuit Cases Clarify What Makes A Valid Software Patent mondaq,http://www.mondaq.com/unitedstates/x/604818/Patent/Federal+Circuit+Cases+Clarify+What+Makes+A+Valid+Software+Patent,5
India: Surviving The Clouds Of Alice Rejections mondaq,http://www.mondaq.com/india/x/729314/Patent/Surviving+The+Clouds+Of+Alice+Rejections,2
India: Software Patenting In India And USA mondaq,http://www.mondaq.com/india/x/691544/Patent/Software+Patenting+In+India+And+USA,9
USPTO Updates Examination Guidelines for Patent Eligible Subject Matter natlawreview,https://www.natlawreview.com/article/uspto-updates-examination-guidelines-patent-eligible-subject-matter,0
The Patent Eligibility Battle for Life Sciences Companies in a Changing Landscape natlawreview,https://www.natlawreview.com/article/patent-eligibility-battle-life-sciences-companies-changing-landscape,10
Hope for Computer-Related Patents - Alice Corp. v. CLS Bank natlawreview,https://www.natlawreview.com/article/hope-computer-related-patents-alice-corp-v-cls-bank,0
Post-Alice rulings on subject matter eligibility of software patents so far lexology,https://www.lexology.com/library/detail.aspx?g=72ccf204-e6e5-4466-9c3b-9a6ae29a660f,1
Patent 213 lexology,https://www.lexology.com/library/detail.aspx?g=6fe78f80-975d-4ba0-ab75-4362662ad252,5
Online Advertising Method Survives Alice at the PTAB lexology,https://news.google.com/articles/CBMiU2h0dHBzOi8vd3d3LmxleG9sb2d5LmNvbS9saWJyYXJ5L2RldGFpbC5hc3B4P2c9Zjk1MDkxZTctMTU4Ny00ZjU1LWIzYzMtMDFiZTkwYWQ1YzI10gEA?hl=en-US&gl=US&ceid=US%3Aen,1
The Berkheimer Memorandum - Good news for software patents in the US lexology,https://news.google.com/articles/CBMiU2h0dHBzOi8vd3d3LmxleG9sb2d5LmNvbS9saWJyYXJ5L2RldGFpbC5hc3B4P2c9ZTc5MmMxMDItMzMyMi00YWUzLWE5MzEtMzUzYzkxYTlhN2M00gEA?hl=en-US&gl=US&ceid=US%3Aen,4
Know before you go: impact of the Alice case on software- and computer- implemented inventions in the district courts lexology,https://www.lexology.com/library/detail.aspx?g=72041694-bd0e-4fac-929f-cd018b05f310,3
Protecting Artificial Intelligence and Big Data Innovations Through Patents: Functional Claiming lexology,https://www.lexology.com/library/detail.aspx?g=06ce2aae-8c62-4a6d-9dce-d0d6f0c5d95c,0
"U.S. Federal Circuit Deems Software Innovation is Patent-Eligible, But Not InfringedBlogPCK Reporter lexology",https://news.google.com/articles/CBMiU2h0dHBzOi8vd3d3LmxleG9sb2d5LmNvbS9saWJyYXJ5L2RldGFpbC5hc3B4P2c9MDBlZTQzZjMtZWE1OS00OGRlLTk0ZjAtYjQzZmI3OGUxMjQ30gEA?hl=en-US&gl=US&ceid=US%3Aen,2
Analysis of Alice Corporation Pty. Ltd. v. CLS Bank International lexology,https://www.lexology.com/library/detail.aspx?g=bbcfacd7-0d59-4b0e-9156-eaa23ddac3ba,1
Turning the Tide: Patent Subject Matter Eligibility at the Federal Circuit lexology,https://news.google.com/articles/CBMiU2h0dHBzOi8vd3d3LmxleG9sb2d5LmNvbS9saWJyYXJ5L2RldGFpbC5hc3B4P2c9MDBlZTQzZjMtZWE1OS00OGRlLTk0ZjAtYjQzZmI3OGUxMjQ30gEA?hl=en-US&gl=US&ceid=US%3Aen,4
The Supreme Courts Decision in Alice Corp. v. CLS Bank Has Taken a Heavy Toll on Patents for Computer-Related Inventions lexology,https://www.lexology.com/library/detail.aspx?g=300e6862-012d-49dd-bed4-ba8ae4477397,1
New England IP Blog lexology,https://news.google.com/articles/CBMiU2h0dHBzOi8vd3d3LmxleG9sb2d5LmNvbS9saWJyYXJ5L2RldGFpbC5hc3B4P2c9MDBlZTQzZjMtZWE1OS00OGRlLTk0ZjAtYjQzZmI3OGUxMjQ30gEA?hl=en-US&gl=US&ceid=US%3Aen,0
Not All GUIs Are Created Equal Under USPTO Guidelines and Alice lexology,https://www.lexology.com/library/detail.aspx?g=dac2fc38-3bde-4250-816a-371bfa4d14be,1
The Evolution of Patentable Subject Matter Eligibility lexology,https://www.lexology.com/library/detail.aspx?g=2e6f3112-c24c-4d95-b49a-0e7662f4958e,0
The MPEP Now Incorporates - and Expands Upon -  101 Guidance lexology,https://www.lexology.com/library/detail.aspx?g=e6b80034-ac1b-4ab7-826a-00e3f2338a1d,2
An update on software patentability in the US lexology,https://www.lexology.com/library/detail.aspx?g=ee226c07-92e2-4115-846c-b6cdb4bc9022,0
Recent Court Decisions Clarifying Alice Have Improved Patent Applicants Chances of Obtaining Software Patents lexology,https://www.lexology.com/library/detail.aspx?g=696a4bf9-eeb9-48a0-8a37-5cf17c9560b4,0
Federal Circuit Decisions Raise Bar for Invalidating Patents on Section 101 Grounds Before Trial lexology,https://news.google.com/articles/CBMiU2h0dHBzOi8vd3d3LmxleG9sb2d5LmNvbS9saWJyYXJ5L2RldGFpbC5hc3B4P2c9MDBlZTQzZjMtZWE1OS00OGRlLTk0ZjAtYjQzZmI3OGUxMjQ30gEA?hl=en-US&gl=US&ceid=US%3Aen,3
High Court Won't Review Axing Of DataTreasury Patents law360,https://www.law360.com/articles/1004558/high-court-considers-upending-patent-damages,0
The Post-Alice Blend Of Eligibility And Patentability law360,https://www.law360.com/articles/944437/the-post-alice-blend-of-eligibility-and-patentability,5
High Court Considers Upending Patent Damages law360,https://www.law360.com/articles/1004558/high-court-considers-upending-patent-damages,0
Section 101 Decisions Clarify 'Clear And Convincing Evidence' law360,https://www.law360.com/articles/1021490,0
Ericsson Wins $75M From IP Suit Over Patent Upheld By Alice law360,https://www.law360.com/articles/992800/ericsson-wins-75m-from-ip-suit-over-patent-upheld-by-alice,0
Fed. Circ. Upholds Ax Of Online Security IP In USAA Case law360,https://news.google.com/articles/CBMiXmh0dHBzOi8vd3d3LmxhdzM2MC5jb20vYXJ0aWNsZXMvMTA4MTYwMy9mZWQtY2lyYy11cGhvbGRzLWF4LW9mLW9ubGluZS1zZWN1cml0eS1pcC1pbi11c2FhLWNhc2XSAXJodHRwczovL3d3dy1sYXczNjAtY29tLmNkbi5hbXBwcm9qZWN0Lm9yZy92L3Mvd3d3LmxhdzM2MC5jb20vYW1wL2FydGljbGVzLzEwODE2MDM_YW1wX2pzX3Y9MC4xI3dlYnZpZXc9MSZjYXA9c3dpcGU?hl=en-US&gl=US&ceid=US%3Aen,0
Ancestry.com Says 23andMe DNA Patent Invalid Under Alice law360,https://www.law360.com/articles/1074156/ancestry-com-says-23andme-dna-patent-invalid-under-alice,1
Alice-Proofing Your Patent Specifications law360,https://news.google.com/articles/CBMiUWh0dHBzOi8vd3d3LmxhdzM2MC5jb20vYXJ0aWNsZXMvMTA0MjIxMi9hbGljZS1wcm9vZmluZy15b3VyLXBhdGVudC1zcGVjaWZpY2F0aW9uc9IBcmh0dHBzOi8vd3d3LWxhdzM2MC1jb20uY2RuLmFtcHByb2plY3Qub3JnL3Yvcy93d3cubGF3MzYwLmNvbS9hbXAvYXJ0aWNsZXMvMTA0MjIxMj9hbXBfanNfdj0wLjEjd2Vidmlldz0xJmNhcD1zd2lwZQ?hl=en-US&gl=US&ceid=US%3Aen,2
Where Do We Stand One Year After Alice? law360,https://www.law360.com/articles/668773,20
How To Avoid The Hurdles Of Patenting Blockchain Tech law360,https://www.law360.com/articles/1020543/how-to-avoid-the-hurdles-of-patenting-blockchain-tech,1
"Ex-Fed. Circ. Chief On Courts Fading Power, 101 Woes law360",https://news.google.com/articles/CBMiXmh0dHBzOi8vd3d3LmxhdzM2MC5jb20vYXJ0aWNsZXMvMTA4MTYwMy9mZWQtY2lyYy11cGhvbGRzLWF4LW9mLW9ubGluZS1zZWN1cml0eS1pcC1pbi11c2FhLWNhc2XSAXJodHRwczovL3d3dy1sYXczNjAtY29tLmNkbi5hbXBwcm9qZWN0Lm9yZy92L3Mvd3d3LmxhdzM2MC5jb20vYW1wL2FydGljbGVzLzEwODE2MDM_YW1wX2pzX3Y9MC4xI3dlYnZpZXc9MSZjYXA9c3dpcGU?hl=en-US&gl=US&ceid=US%3Aen,3